id	first_name	last_name	email	gender	is_active	joined_date
1	Zaria	Dunkley	zdunkley0@jalbum.net	Female	true	7/30/2017
2	Werner	Langelay	wlangelay1@npr.org	Male	false	4/18/2017
3	Si	Beagin	sbeagin2@yelp.com	Male	false	11/14/2016
4	Gunner	Heigold	gheigold3@taobao.com	Male	true	4/26/2017
5	Nichole	Sunley	nsunley4@about.me	Male	true	2/3/2018
6	Angelika	Ravilious	aravilious5@biblegateway.com	Female	true	5/15/2017
7	Kaspar	Masic	kmasic6@java.com	Male	true	11/8/2016
8	Mariel	Outlaw	moutlaw7@shutterfly.com	Female	false	9/16/2017
9	Kirby	Carman	kcarman8@ow.ly	Male	true	9/19/2017
10	Remus	Kaliszewski	rkaliszewski9@xrea.com	Male	false	12/29/2017
11	Ram	Ingall	ringalla@examiner.com	Male	false	1/7/2018
12	Benson	Bibb	bbibbb@163.com	Male	true	12/4/2017
13	Jaquenetta	Kivits	jkivitsc@networksolutions.com	Female	false	3/16/2017
14	Crysta	Cockayne	ccockayned@comcast.net	Female	false	3/15/2017
15	Piper	Gabel	pgabele@1688.com	Female	false	8/22/2017
16	Rodina	Knibley	rknibleyf@tripod.com	Female	false	9/18/2017
17	Benji	Geard	bgeardg@mysql.com	Male	false	2/5/2018
18	Babara	Cardello	bcardelloh@cyberchimps.com	Female	false	11/26/2016
19	Sterne	Golds	sgoldsi@hud.gov	Male	true	4/15/2017
20	Lancelot	Jannasch	ljannaschj@scribd.com	Male	false	11/22/2016
21	Dee dee	Muselli	dmusellik@mapquest.com	Female	false	2/9/2017
22	Henka	Mallord	hmallordl@list-manage.com	Female	true	3/6/2017
23	Mil	Nell	mnellm@xing.com	Female	false	2/2/2018
24	Clyve	Hosier	chosiern@bigcartel.com	Male	true	2/11/2017
25	Lancelot	Tylor	ltyloro@japanpost.jp	Male	false	12/18/2016
26	Kristien	Dubois	kduboisp@hibu.com	Female	true	5/3/2017
27	Rees	Kennicott	rkennicottq@google.fr	Male	true	12/24/2017
28	Reinald	Moring	rmoringr@sohu.com	Male	false	1/30/2018
29	Nananne	McKeeman	nmckeemans@wix.com	Female	true	11/25/2017
30	Ange	Moyler	amoylert@adobe.com	Male	false	1/16/2018
31	Jeanine	Malecky	jmaleckyu@clickbank.net	Female	false	1/15/2017
32	Flossie	Birdfield	fbirdfieldv@gizmodo.com	Female	false	11/27/2017
33	Cammy	Handman	chandmanw@blogger.com	Female	true	2/12/2017
34	Riki	Rediers	rrediersx@msu.edu	Female	true	1/8/2017
35	Lilyan	Beckworth	lbeckworthy@mapquest.com	Female	false	1/12/2017
36	Jesse	Brettoner	jbrettonerz@cbc.ca	Female	false	1/7/2018
37	Adolph	Rawcliffe	arawcliffe10@rediff.com	Male	false	3/10/2017
38	Moise	Burleigh	mburleigh11@sun.com	Male	true	2/3/2018
39	Ulrica	Normanville	unormanville12@phpbb.com	Female	true	12/22/2017
40	Jule	Pantry	jpantry13@reference.com	Male	false	11/24/2016
41	Dex	Swallow	dswallow14@odnoklassniki.ru	Male	false	8/19/2017
42	Verge	Twells	vtwells15@pinterest.com	Male	false	2/7/2017
43	Anna-maria	Sausman	asausman16@noaa.gov	Female	true	11/20/2017
44	Madlin	Kippie	mkippie17@icio.us	Female	true	2/25/2017
45	Riccardo	Coldman	rcoldman18@hugedomains.com	Male	false	7/11/2017
46	Samuele	O' Hern	sohern19@naver.com	Male	true	1/12/2018
47	Farlee	Christopherson	fchristopherson1a@va.gov	Male	true	2/27/2017
48	Iosep	Crosser	icrosser1b@washingtonpost.com	Male	true	5/31/2017
49	Corey	Northern	cnorthern1c@symantec.com	Female	true	7/17/2017
50	Thayne	Paynter	tpaynter1d@harvard.edu	Male	false	1/22/2017
51	Gabrila	Bridgnell	gbridgnell1e@networkadvertising.org	Female	false	7/17/2017
52	Eldin	Guido	eguido1f@hud.gov	Male	true	1/6/2018
53	Claudelle	Rimes	crimes1g@omniture.com	Female	true	12/12/2017
54	Amory	Luparto	aluparto1h@salon.com	Male	false	11/13/2017
55	Arnaldo	Deakins	adeakins1i@imgur.com	Male	false	2/12/2017
56	Winnah	Barcroft	wbarcroft1j@ted.com	Female	false	12/22/2017
57	Winston	Crocker	wcrocker1k@army.mil	Male	true	11/17/2016
58	Carlin	Bernardin	cbernardin1l@tuttocitta.it	Male	false	11/13/2017
59	Prince	Cotterrill	pcotterrill1m@noaa.gov	Male	true	1/4/2017
60	Lucine	Dymock	ldymock1n@tripod.com	Female	false	6/25/2017
61	Finlay	Jaulme	fjaulme1o@biglobe.ne.jp	Male	false	4/19/2017
62	Astra	Boniface	aboniface1p@dell.com	Female	true	1/24/2018
63	Stewart	Towl	stowl1q@360.cn	Male	false	7/13/2017
64	Stacey	Barbary	sbarbary1r@sciencedaily.com	Female	true	10/22/2017
65	Taber	Backhouse	tbackhouse1s@symantec.com	Male	true	11/17/2016
66	Terencio	Beaconsall	tbeaconsall1t@dedecms.com	Male	false	9/21/2017
67	Hersch	Klimpt	hklimpt1u@ocn.ne.jp	Male	true	7/9/2017
68	Gene	Fernely	gfernely1v@princeton.edu	Male	true	12/29/2016
69	Basil	Hannan	bhannan1w@omniture.com	Male	true	11/12/2017
70	Adams	Trainer	atrainer1x@list-manage.com	Male	true	8/8/2017
71	Bren	Sextone	bsextone1y@digg.com	Female	false	4/23/2017
72	Linc	Mitchelhill	lmitchelhill1z@delicious.com	Male	true	11/24/2016
73	Bryn	Bonick	bbonick20@360.cn	Male	false	11/13/2017
74	Adelbert	Stockin	astockin21@behance.net	Male	false	9/26/2017
75	Hyacinthia	Purrington	hpurrington22@macromedia.com	Female	false	12/12/2016
76	Felic	Piesold	fpiesold23@is.gd	Male	true	9/4/2017
77	Ike	Fink	ifink24@biglobe.ne.jp	Male	false	12/3/2017
78	Conn	Asman	casman25@over-blog.com	Male	false	1/28/2018
79	Atalanta	Dudeney	adudeney26@delicious.com	Female	true	12/5/2017
80	Dallas	Hollidge	dhollidge27@yale.edu	Male	false	9/6/2017
81	Yettie	Ianittello	yianittello28@admin.ch	Female	true	5/28/2017
82	Thane	Narraway	tnarraway29@tinypic.com	Male	true	7/9/2017
83	Alexei	Crofts	acrofts2a@photobucket.com	Male	false	1/21/2017
84	Greer	Kerswill	gkerswill2b@sciencedaily.com	Female	false	2/5/2018
85	Garland	McCarver	gmccarver2c@oakley.com	Female	false	10/20/2017
86	Auberon	Rothon	arothon2d@themeforest.net	Male	false	6/18/2017
87	Pearl	Weight	pweight2e@google.com.au	Female	false	11/14/2017
88	Lorine	Sauter	lsauter2f@google.com.hk	Female	true	5/20/2017
89	Iormina	Oldknow	ioldknow2g@bluehost.com	Female	false	12/12/2017
90	Clywd	Burnhill	cburnhill2h@seesaa.net	Male	false	9/25/2017
91	Charmian	Wedmore.	cwedmore2i@salon.com	Female	true	6/29/2017
92	Gwen	Mowbury	gmowbury2j@so-net.ne.jp	Female	true	5/7/2017
93	Roland	Gatman	rgatman2k@nature.com	Male	true	9/14/2017
94	Korney	Burtwistle	kburtwistle2l@networkadvertising.org	Female	false	6/11/2017
95	Hersch	Borrington	hborrington2m@liveinternet.ru	Male	true	3/29/2017
96	Bessie	Bateup	bbateup2n@stanford.edu	Female	true	7/17/2017
97	Judye	Whitland	jwhitland2o@angelfire.com	Female	false	9/27/2017
98	Tracie	Langthorne	tlangthorne2p@sina.com.cn	Female	true	9/28/2017
99	Marietta	Gaspero	mgaspero2q@cargocollective.com	Female	true	7/9/2017
100	Kennett	Robjohns	krobjohns2r@patch.com	Male	false	5/22/2017
